<?xml version="1.0" encoding="UTF-8"?>
<udm.DeploymentPackage version="v1.0" application="jenkins_flname">
  <application />
  <orchestrator />
  <deployables>
    <powercenter.PowercenterXml name="/wf_join_name_rev1" file="/wf_join_name_rev1/wf_join_name.XML">
      <tags />
      <scanPlaceholders>true</scanPlaceholders>
      <checksum>852aca468270054bb8d5608bdbc168df80b877da</checksum>
      <sourceRepository>DEV2</sourceRepository>
      <folderNames>
        <value>flname</value>
      </folderNames>
      <objectNames>
        <value>wf_join_name</value>
      </objectNames>
      <objectTypes>
        <value>workflow</value>
      </objectTypes>
    </powercenter.PowercenterXml>
  </deployables>
  <applicationDependencies />
  <dependencyResolution>LATEST</dependencyResolution>
  <undeployDependencies>false</undeployDependencies>
</udm.DeploymentPackage>
